Workbook
Name COMPETENCIAS_GENERICAS: Genéricas[Competencias genéricas]
Name RAE: Tabla3[RAE]
Name RAE_1: Estructura!$D$36:$E$36
Name RAE_2: Estructura!$D$37:$E$37
Name RAE_3: Estructura!$C$38:$E$38

Sheet Lineamientos
A1: Créditos | B1: hi | C1: hti | D1: Directa | E1: Indirecta | G1: Horas de interacción | J1: Niveles | K1: Mínimo | L1: Máximo | N1: Modalidad
A2: 11 | B2: 1 | C2: 15 | D2: =(A2*48)/SUM(B2:C2)*B2 -> 33 | E2: =(48*A2)-D2 -> 495 | G2: Sincrónica | H2: Videoconferencias | J2: Pregrado | K2: 135 | L2: 162 | N2: Presencial
A3: 2 | B3: 1 | C3: 2 | D3: =(A3*48)/SUM(B3:C3)*B3 -> 32 | E3: =(48*A3)-D3 -> 64 | G3: Sincrónica | H3: Audioconferencias | J3: Especialización | K3: 19 | L3: 24 | N3: A distancia
A4: 3 | B4: 1 | C4: 2 | D4: =(A4*48)/SUM(B4:C4)*B4 -> 48 | E4: =(48*A4)-D4 -> 96 | G4: Sincrónica | H4: Chat de texto o video | J4: Maestría de profundización | K4: 36 | L4: 44 | N4: Virtual
A5: 4 | B5: 1 | C5: 2 | D5: =(A5*48)/SUM(B5:C5)*B5 -> 64 | E5: =(48*A5)-D5 -> 128 | G5: Sincrónica | H5: Pizarra compartida | J5: Maestría investigativa | K5: 44 | L5: 48
A6: 5 | B6: 1 | C6: 2 | D6: =(A6*48)/SUM(B6:C6)*B6 -> 80 | E6: =(48*A6)-D6 -> 160 | G6: Asincrónica | H6: Foro | J6: Doctorado | K6: 80 | L6: 87
A7: 6 | B7: 1 | C7: 2 | D7: =(A7*48)/SUM(B7:C7)*B7 -> 96 | E7: =(48*A7)-D7 -> 192 | G7: Asincrónica | H7: Mensajería instantánea
A8: 7 | B8: 1 | C8: 2 | D8: =(A8*48)/SUM(B8:C8)*B8 -> 112 | E8: =(48*A8)-D8 -> 224 | G8: Asincrónica | H8: Correo electrónico
A9: 8 | B9: 1 | C9: 2 | D9: =(A9*48)/SUM(B9:C9)*B9 -> 128 | E9: =(48*A9)-D9 -> 256 | G9: Asincrónica | H9: Blog
A10: 9 | B10: 1 | C10: 2 | D10: =(A10*48)/SUM(B10:C10)*B10 -> 144 | E10: =(48*A10)-D10 -> 288 | G10: Asincrónica | H10: Tarea
A11: 10 | B11: 1 | C11: 2 | D11: =(A11*48)/SUM(B11:C11)*B11 -> 160 | E11: =(48*A11)-D11 -> 320 | G11: Asincrónica | H11: Wiki
A12: 1 | B12: 1 | C12: 3 | D12: =(A12*48)/SUM(B12:C12)*B12 -> 12 | E12: =(48*A12)-D12 -> 36
A13: 2 | B13: 1 | C13: 3 | D13: =(A13*48)/SUM(B13:C13)*B13 -> 24 | E13: =(48*A13)-D13 -> 72
A14: 3 | B14: 1 | C14: 3 | D14: =(A14*48)/SUM(B14:C14)*B14 -> 36 | E14: =(48*A14)-D14 -> 108
A15: 4 | B15: 1 | C15: 3 | D15: =(A15*48)/SUM(B15:C15)*B15 -> 48 | E15: =(48*A15)-D15 -> 144 | G15: Créditos | H15: Horas diarias
A16: 5 | B16: 1 | C16: 3 | D16: =(A16*48)/SUM(B16:C16)*B16 -> 60 | E16: =(48*A16)-D16 -> 180 | G16: 15 | H16: =((G16*48)/16)/5 -> 9
A17: 6 | B17: 1 | C17: 3 | D17: =(A17*48)/SUM(B17:C17)*B17 -> 72 | E17: =(48*A17)-D17 -> 216 | G17: 16 | H17: =((G17*48)/16)/5 -> 9.6 | J17: =D2/16 -> 2.0625
A18: 7 | B18: 1 | C18: 3 | D18: =(A18*48)/SUM(B18:C18)*B18 -> 84 | E18: =(48*A18)-D18 -> 252 | G18: 17 | H18: =((G18*48)/16)/5 -> 10.2 | J18: =E2/16 -> 30.9375
A19: 8 | B19: 1 | C19: 3 | D19: =(A19*48)/SUM(B19:C19)*B19 -> 96 | E19: =(48*A19)-D19 -> 288 | G19: 18 | H19: =((G19*48)/16)/5 -> 10.8
A20: 9 | B20: 1 | C20: 3 | D20: =(A20*48)/SUM(B20:C20)*B20 -> 108 | E20: =(48*A20)-D20 -> 324 | G20: 19 | H20: =((G20*48)/16)/5 -> 11.4
A21: 10 | B21: 1 | C21: 3 | D21: =(A21*48)/SUM(B21:C21)*B21 -> 120 | E21: =(48*A21)-D21 -> 360 | G21: 20 | H21: =((G21*48)/16)/5 -> 12
A22: 1 | B22: 1 | C22: 5 | D22: =(A22*48)/SUM(B22:C22)*B22 -> 8 | E22: =(48*A22)-D22 -> 40
A23: 2 | B23: 1 | C23: 5 | D23: =(A23*48)/SUM(B23:C23)*B23 -> 16 | E23: =(48*A23)-D23 -> 80
A24: 3 | B24: 1 | C24: 5 | D24: =(A24*48)/SUM(B24:C24)*B24 -> 24 | E24: =(48*A24)-D24 -> 120
A25: 4 | B25: 1 | C25: 5 | D25: =(A25*48)/SUM(B25:C25)*B25 -> 32 | E25: =(48*A25)-D25 -> 160
A26: 5 | B26: 1 | C26: 5 | D26: =(A26*48)/SUM(B26:C26)*B26 -> 40 | E26: =(48*A26)-D26 -> 200
A27: 6 | B27: 1 | C27: 5 | D27: =(A27*48)/SUM(B27:C27)*B27 -> 48 | E27: =(48*A27)-D27 -> 240
A28: 7 | B28: 1 | C28: 5 | D28: =(A28*48)/SUM(B28:C28)*B28 -> 56 | E28: =(48*A28)-D28 -> 280
A29: 8 | B29: 1 | C29: 5 | D29: =(A29*48)/SUM(B29:C29)*B29 -> 64 | E29: =(48*A29)-D29 -> 320
A30: 9 | B30: 1 | C30: 5 | D30: =(A30*48)/SUM(B30:C30)*B30 -> 72 | E30: =(48*A30)-D30 -> 360
A31: 10 | B31: 1 | C31: 5 | D31: =(A31*48)/SUM(B31:C31)*B31 -> 80 | E31: =(48*A31)-D31 -> 400
A32: 1 | B32: 2 | C32: 1 | D32: =(A32*48)/SUM(B32:C32)*B32 -> 32 | E32: =(48*A32)-D32 -> 16
A33: 2 | B33: 2 | C33: 1 | D33: =(A33*48)/SUM(B33:C33)*B33 -> 64 | E33: =(48*A33)-D33 -> 32
... A41: 10 | B41: 2 | C41: 1 | D41: =(A41*48)/SUM(B41:C41)*B41 -> 320 | E41: =(48*A41)-D41 -> 160

Sheet Estructura
A2: Competencias genéricas | B2: RAE
A3: Lectura crítica | B3: Analizo un texto relacionándolo con un contexto para asumir una postura crítica ante su tesis principal.
A4: Razonamiento cuantitativo | B4: Aplico estrategias para la solución de situaciones que contengan información que pueda ser gestionada de manera cuantitativa.
A5: Competencias ciudadanas | B5: Reconozco responsabilidades éticas y profesionales, desde una postura participativa, democrática y de respeto a la diferencia, que permita la solución de conflictos y la comprensión del entorno.
A6: Comunicación escrita | B6: Redacto textos relacionándolos con un contexto para comunicar efectivamente las ideas asumiendo posturas críticas
A7: Competencia en CTI+i | B7: Propongo soluciones a problemas empresariales y/o sociales, utilizando fundamentos de la ciencia y/o la tecnología.
A8: Comunicación en otros idiomas | B8: Redacto textos en otro idioma relacionándolo con un contexto para asumir una postura crítica ante su tesis principal.
A9: Inter y multiculturalidad | B9: Participo en equipos interdisciplinarios respetando las diferencias que tienen sus integrantes, estableciendo relaciones recíprocas y de intercambio de saberes.
A10: Conocimiento y apropiación del contexto social y global | B10: Comprendo el contexto empresarial y social, considerando la influencia de elementos del contexto global, para identificar y proponer soluciones de problemas
A11: Competencias digitales | B11: Empleo adecuadamente herramientas tecnológicas para la gestión de la información que apoye la toma de decisiones
A14: UOC | B14: Propósito de formación
A15: Fundamentación | B15: Desarrollar en el estudiante las competencias fundamentales descritas en el perfil de egreso de la Especialización.
... A17: Investigación | B17: Desarrollar en el estudiante competencias blandas y en investigación e innovación, que le permitan participar en la formulación, gestión y desarrollo de proyectos de datos.
A19: Asignaturas | B19: Créditos | C19: Horas presenciales | D19: Horas independientes | E19: Total horas | F19: Nivel | G19: Tipo de asignatura | H19: Tipo de crédito | I19: UOC | J19: Código | K19: UC1 | L19: UC2
A20: Fundamentos de programación y bases de datos | B20: 2 | C20: =Tabla5[[#This Row],[Créditos]]*16 -> 32 | D20: =Tabla5[[#This Row],[Créditos]]*32 -> 64 | E20: =Tabla5[[#This Row],[Horas presenciales]]+Tabla5[[#This Row],[Horas independientes]] -> 96 | F20: 1 | G20: Obligatoria | H20: Teórico práctico | I20: Fundamentación | J20: 10461 | K20: 1
A21: Introducción a la inteligencia artificial | B21: 1 | C21: =Tabla5[[#This Row],[Créditos]]*16 -> 16 | D21: =Tabla5[[#This Row],[Créditos]]*32 -> 32 | E21: =Tabla5[[#This Row],[Horas presenciales]]+Tabla5[[#This Row],[Horas independientes]] -> 48 | F21: 1 | G21: Obligatoria | H21: Teórico práctico | I21: Fundamentación | J21: 10463 | K21: 2
A22: Fundamentos de estadística para ciencia de datos | B22: 2 | C22: =Tabla5[[#This Row],[Créditos]]*16 -> 32 | D22: =Tabla5[[#This Row],[Créditos]]*32 -> 64 | E22: =Tabla5[[#This Row],[Horas presenciales]]+Tabla5[[#This Row],[Horas independientes]] -> 96 | F22: 1 | G22: Obligatoria | H22: Teórico práctico | I22: Fundamentación | J22: 10460 | K22: 1
A23: Desarrollo humano | B23: 1 | C23: =Tabla5[[#This Row],[Créditos]]*16 -> 16 | D23: =Tabla5[[#This Row],[Créditos]]*32 -> 32 | E23: =Tabla5[[#This Row],[Horas presenciales]]+Tabla5[[#This Row],[Horas independientes]] -> 48 | F23: 1 | G23: Obligatoria | H23: Teórico práctico | I23: Fundamentación | J23: 5211 | K23: 1 | L23: 2
A24: Introducción a la ciencia de datos | B24: 2 | C24: =Tabla5[[#This Row],[Créditos]]*16 -> 32 | D24: =Tabla5[[#This Row],[Créditos]]*32 -> 64 | E24: =Tabla5[[#This Row],[Horas presenciales]]+Tabla5[[#This Row],[Horas independientes]] -> 96 | F24: 1 | G24: Obligatoria | H24: Teórico práctico | I24: Fundamentación | J24: 10462 | K24: 1
A25: Proyecto I | B25: 2 | C25: =Tabla5[[#This Row],[Créditos]]*16 -> 32 | D25: =Tabla5[[#This Row],[Créditos]]*32 -> 64 | E25: =Tabla5[[#This Row],[Horas presenciales]]+Tabla5[[#This Row],[Horas independientes]] -> 96 | F25: 1 | G25: Obligatoria | H25: Teórico práctico | I25: Investigación | J25: 10465 | K25: 1 | L25: 2
A26: Profundización I | B26: 2 | C26: =Tabla5[[#This Row],[Créditos]]*16 -> 32 | D26: =Tabla5[[#This Row],[Créditos]]*32 -> 64 | E26: =Tabla5[[#This Row],[Horas presenciales]]+Tabla5[[#This Row],[Horas independientes]] -> 96 | F26: 1 | G26: Electiva | H26: Teórico práctico | I26: Electivas | J26: 10464 | K26: 1 | L26: 2
A27: Aprendizaje automático | B27: 3 | C27: =Tabla5[[#This Row],[Créditos]]*16 -> 48 | D27: =Tabla5[[#This Row],[Créditos]]*32 -> 96 | E27: =Tabla5[[#This Row],[Horas presenciales]]+Tabla5[[#This Row],[Horas independientes]] -> 144 | F27: 2 | G27: Obligatoria | H27: Teórico práctico | I27: Fundamentación | J27: 10466 | K27: 2
A28: Aprendizaje profundo | B28: 2 | C28: =Tabla5[[#This Row],[Créditos]]*16 -> 32 | D28: =Tabla5[[#This Row],[Créditos]]*32 -> 64 | E28: =Tabla5[[#This Row],[Horas presenciales]]+Tabla5[[#This Row],[Horas independientes]] -> 96 | F28: 2 | G28: Obligatoria | H28: Teórico práctico | I28: Fundamentación | J28: 10468 | K28: 2
A29: Visualización de datos | B29: 1 | C29: =Tabla5[[#This Row],[Créditos]]*16 -> 16 | D29: =Tabla5[[#This Row],[Créditos]]*32 -> 32 | E29: =Tabla5[[#This Row],[Horas presenciales]]+Tabla5[[#This Row],[Horas independientes]] -> 48 | F29: 2 | G29: Obligatoria | H29: Teórico práctico | I29: Fundamentación | J29: 10469 | K29: 1
A30: Aprendizaje automático en la nube | B30: 2 | C30: =Tabla5[[#This Row],[Créditos]]*16 -> 32 | D30: =Tabla5[[#This Row],[Créditos]]*32 -> 64 | E30: =Tabla5[[#This Row],[Horas presenciales]]+Tabla5[[#This Row],[Horas independientes]] -> 96 | F30: 2 | G30: Obligatoria | H30: Teórico práctico | I30: Fundamentación | J30: 10467 | K30: 2
A31: Proyecto II | B31: 2 | C31: =Tabla5[[#This Row],[Créditos]]*16 -> 32 | D31: =Tabla5[[#This Row],[Créditos]]*32 -> 64 | E31: =Tabla5[[#This Row],[Horas presenciales]]+Tabla5[[#This Row],[Horas independientes]] -> 96 | F31: 2 | G31: Obligatoria | H31: Teórico práctico | I31: Investigación | J31: 10471 | K31: 2
A32: Profundización II | B32: 2 | C32: =Tabla5[[#This Row],[Créditos]]*16 -> 32 | D32: =Tabla5[[#This Row],[Créditos]]*32 -> 64 | E32: =Tabla5[[#This Row],[Horas presenciales]]+Tabla5[[#This Row],[Horas independientes]] -> 96 | F32: 2 | G32: Electiva | H32: Teórico práctico | I32: Electivas | J32: 10470 | K32: 2 | L32: 1
A35: N_UC | B35: UC | C35: RAP | D35: RAE 1 | E35: RAE 2
A36: 1 | B36: UC1: Desarrollar análisis descriptivos y diagnósticos, fundamentados en la preparación técnica de datos y en el uso de herramientas de inteligencia de negocios, comunicando los hallazgos mediante técnicas de storytelling para explicar el comportamiento y las causas raíz de los fenómenos de la organización. | C36: RA1: Desarrollo análisis descriptivos y diagnósticos, fundamentados en la preparación técnica de datos y en el uso de herramientas de inteligencia de negocios, comunicando los hallazgos mediante técnicas de storytelling para explicar el comportamiento y las causas raíz de los fenómenos de la organización. | D36: RAE1.1:Analizo conjuntos de datos construyendo flujos de procesamiento, limpieza y transformación de datos, y aplicando métodos exploratorios para identificar patrones de comportamiento, anomalías y las variables más asociadas al fenómeno analizado. | E36: RAE1.2: Sintetizo las conclusiones de los análisis descriptivos y diagnósticos mediante tableros de control, informes interactivos y narrativas visuales de datos (storytelling), traduciendo métricas técnicas en información clara, atractiva y accesible para los miembros del equipo de analítica y de la organización.
A37: 2 | B37: UC2:Implementar flujos de trabajo de MLOps que lleven los modelos de aprendizaje automático desde el entrenamiento hasta la puesta en producción, aplicando herramientas y prácticas estándar de la industria. | C37: RA2:Implemento flujos de trabajo de MLOps que lleven los modelos de aprendizaje automático desde el entrenamiento hasta la puesta en producción, aplicando herramientas y prácticas estándar de la industria. | D37: RAE2.1: Desarrollo pipelines de entrenamiento y evaluación de modelos de aprendizaje automático y de aprendizaje profundo que prevengan la fuga de datos y garanticen la reproducibilidad y la validez de los resultados. | E37: RAE2.2: Construyo prototipos funcionales de servicios basados en modelos de ML/IA, tanto en entornos locales como en servicios gestionados de computación en la nube, aplicando fundamentos de MLOps para exponerlos como servicios consumibles en entornos productivos.
A38: 0 | B38: -- | C38: -- | D38: -- | E38: --

Sheet Ficha
B1: MICROCURRÍCULO | F1: Código: FT-GPA-003
F2: Versión: 3
F3: Fecha: 13/Nov/2025
A5: Fecha de actualización del microcurrículo
A7: Nivel de formación del programa | B7: Especialización | C7: Denominación del programa | D7: Especialización en Ciencia de Datos e Inteligencia Artificial
A9: Nombre de la Asignatura / módulo / seminario | C9: Introducción a la ciencia de datos
A10: Unidad de Organización Curricular -UOC- a la cual pertenece la asignatura / módulo / seminario | C10: =VLOOKUP($C$9,Estructura!$A$19:$I$32,9,FALSE) -> Fundamentación
A11: Propósitos de formación de la UOC | C11: =VLOOKUP($C$10,Estructura!A14:B17,2,FALSE()) -> Desarrollar en el estudiante las competencias fundamentales descritas en el perfil de egreso de la Especialización.
A12: Tipo de crédito | B12: Tipo de asignatura / módulo / seminario | D12: Componente del plan de estudios al que pertenece | F12: Nivel en el que se ubica en el plan de estudios
A13: =VLOOKUP($C$9,Tabla5[#All],8,FALSE) -> Teórico práctico | B13: =VLOOKUP($C$9,Tabla5[#All],7,FALSE) -> Obligatoria | F13: =VLOOKUP($C$9,Tabla5[#All],6,FALSE) -> 1
A14: Código de asignatura, módulo o seminario | B14: # Créditos | C14: Horas totales (según el número de créditos) | D14: Horas totales de interacción (sincrónico y asincrónico) | F14: Horas totales de trabajo independiente
A15: =VLOOKUP($C$9,Tabla5[#All],10,FALSE) -> 10462 | B15: =VLOOKUP($C$9,Tabla5[#All],2,FALSE) -> 2 | C15: =VLOOKUP($C$9,Tabla5[#All],5,FALSE) -> 96 | D15: =VLOOKUP($C$9,Tabla5[#All],3,FALSE) -> 32 | F15: =VLOOKUP($C$9,Tabla5[#All],4,FALSE) -> 64
A16: COMPETENCIAS GENÉRICAS
A17: Unidad de Competencia Genérica (PEI, Acuerdo 52 de 2016, Acuerdo 40 de 2018 y Acuerdo 16 de 2021) | C17: Descripción del Resultado de Aprendizaje Esperado -RAE- asociado a la Competencia Genérica
A18: Razonamiento cuantitativo | C18: =VLOOKUP(A18,Estructura!$A$2:$B$11,2,FALSE()) -> Aplico estrategias para la solución de situaciones que contengan información que pueda ser gestionada de manera cuantitativa.
A19: Competencia en CTI+i | C19: =VLOOKUP(A19,Estructura!$A$2:$B$11,2,FALSE()) -> Propongo soluciones a problemas empresariales y/o sociales, utilizando fundamentos de la ciencia y/o la tecnología.
A20: Comunicación en otros idiomas | C20: =VLOOKUP(A20,Estructura!$A$2:$B$11,2,FALSE()) -> Redacto textos en otro idioma relacionándolo con un contexto para asumir una postura crítica ante su tesis principal.
A21: COMPETENCIAS ESPECÍFICAS
A22: Unidad de Competencia Específica según el perfil de egreso | C22: Resultado de Aprendizaje Esperado -RAE- asociado a la Unidad de Competencia Específica según el perfil de egreso
A23: =VLOOKUP($H$23,Estructura!$A$35:$E$38,2,FALSE) -> UC1: Desarrollar análisis descriptivos y diagnósticos, fundamentados en la preparación técnica de datos y en el uso de herramientas de inteligencia de negocios, comunicando los hallazgos mediante técnicas de storytelling para explicar el comportamiento y las causas raíz de los fenómenos de la organización. | C23: =VLOOKUP($H$23,Estructura!$A$35:$E$38,3,FALSE) -> RA1: Desarrollo análisis descriptivos y diagnósticos, fundamentados en la preparación técnica de datos y en el uso de herramientas de inteligencia de negocios, comunicando los hallazgos mediante técnicas de storytelling para explicar el comportamiento y las causas raíz de los fenómenos de la organización. | H23: =VLOOKUP($C$9,Tabla5[#All],11,FALSE) -> 1
A24: =VLOOKUP($H$24,Estructura!$A$35:$E$38,2,FALSE) -> -- | C24: =VLOOKUP($H$24,Estructura!$A$35:$E$38,3,FALSE) -> -- | H24: =VLOOKUP($C$9,Tabla5[#All],12,FALSE) -> 0
A25: RESULTADOS DE APRENDIZAJE ESPERADOS ASOCIADOS A UNIDADES DE COMPETENCIA ESPECÍFICA
A27: Resultados de Aprendizaje Esperado | B27: Contenidos del aprendizaje | C27: Mediaciones pedagógicas y didácticas | D27: Actividades de valoración y evidencias del aprendizaje | E27: Horas de Interacción (sincrónico y asincrónico) | F27: Horas de trabajo independiente | G27: Total de horas
A28: RAE1.1:Analizo conjuntos de datos construyendo flujos de procesamiento, limpieza y transformación de datos, y aplicando métodos exploratorios para identificar patrones de comportamiento, anomalías y las variables más asociadas al fenómeno analizado. | B28: Comprensión, limpieza y transformación de datos con Pandas: Carga y almacenamiento de datos con Pandas. Gestión de valores nulos, duplicados y atípicos. Limpieza de cadenas de texto. | C28: Explicación mediante notebooks interactivos de Jupyter/Colab. | D28: Taller en clase. | E28: 8 | F28: 16 | G28: =SUM(E28:F28) -> 24
A29: RAE1.1:Analizo conjuntos de datos construyendo flujos de procesamiento, limpieza y transformación de datos, y aplicando métodos exploratorios para identificar patrones de comportamiento, anomalías y las variables más asociadas al fenómeno analizado. | B29: Indexación jerárquica en Pandas. Combinación de dataframes. Agregación de datos y operaciones de agrupamiento. Tablas dinámicas en Pandas. | C29: Explicación mediante notebooks interactivos de Jupyter/Colab. | D29: Taller en clase. | E29: 8 | F29: 16 | G29: =SUM(E29:F29) -> 24
A30: RAE1.1:Analizo conjuntos de datos construyendo flujos de procesamiento, limpieza y transformación de datos, y aplicando métodos exploratorios para identificar patrones de comportamiento, anomalías y las variables más asociadas al fenómeno analizado. | B30: Procesamiento y análisis de series de tiempo con Pandas. Herramientas para automatizar los EDA. | C30: Explicación mediante notebooks interactivos de Jupyter/Colab. | D30: Taller en clase. | E30: 4 | F30: 8 | G30: =SUM(E30:F30) -> 12
A31: RAE1.2: Sintetizo las conclusiones de los análisis descriptivos y diagnósticos mediante tableros de control, informes interactivos y narrativas visuales de datos (storytelling), traduciendo métricas técnicas en información clara, atractiva y accesible para los miembros del equipo de analítica y de la organización. | B31: Visualización de datos con Seaborn y Plotly. Creación de tableros con Plotly. Principios de storytellling con datos. | C31: Explicación mediante notebooks interactivos de Jupyter/Colab. | D31: Proyecto de aula final. | E31: 12 | F31: 24 | G31: =SUM(E31:F31) -> 36
A32: Total horas | E32: =SUM(E28:E31) -> 32 | F32: =SUM(F28:F31) -> 64 | G32: =SUM(G28:G31) -> 96
A33: RECURSOS BIBLIOGRÁFICOS Y BASES DE DATOS
A34: General: McKinney, W. (2023). Python para análisis de datos: manipulación de datos con Pandas, NumPy y Jupyter. Anaya Multimedia. Disponible en: https://wesmckinney.com/book/ VanderPlas, J. (2016). Python data science handbook: Essential tools for working with data. O'Reilly Media, Inc. Disponible en: https://jakevdp.github.io/PythonDataScienceHandbook/ Wilke, C. O. (2019). Fundamentals of data visualization: a primer on making informative and compelling figures. O'Reilly Media. Disponible en: https://clauswilke.com/dataviz/ Alexander, R. (2023). Telling stories with data: With applications in R. Chapman and Hall/CRC. Disponible en: https://tellingstorieswithdata.com/ Knaflic, C. N. (2015). Storytelling with Data: A Data Visualization Guide for Business Professionals. John Wiley & Sons.
A35: Material académico UDEMEDELLÍN:
A36: Material resultado de Investigación e innovación UDEMEDELLÍN:
A37: Bases de datos disponibles en la Biblioteca U de Medellín:
